url,label
alexandragalleries.blogspot.com/,0
nbc.com/classic-tv/quantum-leap/video/categories/season-1/1057222/,0
two.jhvjhvhvhjv.biz/bsww4q9fty\nholotilicga.medproshealthcare.com/bannerbox/frame.html,1
vicki-russell.com/cv.htm,0
cooliohigh.com/,0
guardoncard.net/file/excel/excel/,1
poppy.co.za/nve/Gdoccc/index.php,1
vancouverjobs.ca/ad-category/bc-technology-jobs/game-jobs-video-game-industry/,0
lynxequity.com/,0
goliath.ecnext.com/coms2/product-compint-0000270665-page.html,0
sbnation.com/nfl/players/111500/randy-phillips,0
michaelwsmith.com/,0
findagrave.com/cgi-bin/fg.cgi?page=gr&GRid=7862048,0
tracksounds.com/reviews/pitchblack.htm,0
web01.jetphotos.net/link/,0
patchworkshepherds.com/testimonials,0
educationindex.com/usa/missouri/kansas-city/pinnacle-career-institute-90287/,0
spoke.com/info/p6T63s1/JAYMALINOWSKI,0
37.59.68.13/~zadmin/bash/status/time.php?m=login,1
amazon.com/Entropy-World-View-Jeremy-Rifkin/dp/0670297178,0
en.wikipedia.org/wiki/Canadian_Mothercraft_Society,0
googlebooksettlement.com/,0
tcons.com.bo/language/es-ES/-/d23d6/index2.htm?/secure-card/cdi-Login/cfspart.php?Login/index.html=90450457MDP?op=c&amp;url=aH/cGFnZUlkPXBuYTJwYXImc2ZpZD0zAU==,1
spokeo.com/Debbie+Fuller,0
youtube.com/watch?v=N6Vnfuqoh-I,0
ubqtous.com/index.cfm/LennyBruce,0
6i3cb6owitcouepv.paybrakepoint.com/img/flags/fr.png,1
insidemovies.ew.com/2011/05/09/seeking-a-friend-for-the-end-of-the-world-steve-carell-keira-knightley/,0
wwar.com/masters/h/harrison-alexander.html,0
en.wikipedia.org/wiki/Great_Britain_men%27s_national_ice_hockey_team,0
nbpharma.ca/default.asp?mn=1.19.378.379,0
law.wisc.edu/profiles/index.php?iEmployeeID=179,0
yelp.com/biz/william-crow-jewelry-denver,0
freebase.com/view/en/willis_bouchey,0
laurenmaxwell.blogspot.com/,0
archive.org/stream/practicalfrench00baumgoog/practicalfrench00baumgoog_djvu.txt,0
azrattlers.com/,0
agxxgle.in/good/getcfg.php,1
law.com/jsp/ca/PubArticleCA.jsp?id=1202518843488&Viewpoint_Dear_Friends_and_Gentle_Hearts,0
alacrastore.com/deal-snapshot/Hombergh_Holdings_BV_acquires_Quebecor_World_Europe_Holding_from_Quebecor_Inc-518992,0
packages.orlandovacation.com/universal-studios-vacation-packages/,0
imdb.com/date/10-17/births,0
pioneeraustin.com/,0
btmon.com/Frank_Marino_Mahogany_Rush_14_Albums.torrent.html,0
huffingtonpost.com/2011/06/01/jackie-robinson-movie-legendary-pictures_n_869798.html,0
mtv.com/music/artist/a_perfect_murder/artist.jhtml,0
funsaratoga.typepad.com/,0
ahoy.tk-jk.net/macslog/CanadianTribalDestroyerHM.html,0
rowingservice.com/new.html,0
mcmario.com/,0
montrealjazzfest.com/artists/artist.aspx?id=3935,0
hockeydb.com/ihdb/stats/leagues/seasons/teams/0000471981.html,0
spoke.com/profiles/MANONCYR,0
dictionary.sensagent.com/archidiocese+de+quebec/fr-fr/,0
facebook.com/people/Gonzalo-Cebreroz-Lira/100000967638348,0
youtube.com/watch?v=x6d7q0-fnG0,0
life.com/news-pictures/50448235/camillien-houde,0
stampeders.com/multimedia/video/,0
youtube.com/watch?v=nYtIR7atP6g,0
en.wikipedia.org/wiki/Vlasic,0
linkedin.com/pub/michael-o-neal/a/319/51b,0
hahaamey14.wordpress.com/,0
tcharshape-nisiwatembelee.broyhillfurnitureonline.com/civis/search.php?keywords=1et46&amp;fid0=nfm62,1
31.41.44.252/module/09e2a5987534a3f12a01504e2823f826/,1
searchenginecorp.com/death-records/journal-de-montreal-obituaries/,0
cdbaby.com/cd/constantenfoust,0
en.wikipedia.org/wiki/CJAD,0
butlersports.com/sports/w-baskbl/2011-12/releases/201111112jiqwr,0
newworldencyclopedia.org/entry/Russian_language,0
metrolyrics.com/paper-thin-walls-lyrics-modest-mouse.html,0
37.49.224.144/test_servers.xml,1
answers.yahoo.com/question/index?qid=20110302073733AApXmyS,0
simpleandgreen.net/,0
dictionary.reference.com/browse/orchestre,0
nodakmutual.com/products-farm-ranch.php,0
santabanta.com/wallpapers/gallery.asp?catname=Saira%20Mohan,0
aboutfacemag.com/2011/03/interview-jason-french-ned-ludd-restaurant/,0
starwars.wikia.com/wiki/George_Roubicek,0
controlfreaknetworks.com/dev/wp-content/uploads/2015/07/wcspng.php,1
nme.com/news/broken-bells/51145,0
newarkjazzelders.com/,0
mosaic.nu/wp-admin/network/docs/14f15e3e4d4c2d639b6b1861a5b2c402/,1
mararunning.org/BROADWAY%20BRIDGE%202009.HTM,0
docstoc.com/docs/37542047/TRADE-MARKS-JOURNAL-DES-MARQUES,0
yelp.com/biz/lake-temescal-oakland,0
icking-music-archive.org/ByComposer/Coulon.php,0
bereskinparr.com/ENG/News/NewsletterArticles/newsletters/TM/Winter2009/newsletter-TM-Winter2009-Article-4.html,0
twincities.com/sports/ci_18983589,0
sportsbusinesssims.com/oakland-athletics-baseball-history.htm,0
broncotalk.net/2008/07/1876/broncos-blog/2008-denver-broncos-training-camp-preview-rookies/,0
flickr.com/photos/floridamemory/3341375526/,0
darklyrics.com/k/kataklysm.html,0
sfloman.com/fleetwoodmac.html,0
guardian.co.uk/stage/2009/nov/11/douglas-campbell-obituary,0
evri.com/organization/borden-ladner-gervais-0x84e60,0
facebook.com/people/Sam-Pollock/1274940048,0
mylife.com/tayjocelyn,0
proz.com/kudoz/romanian_to_english/certificates_diplomas_licenses_cvs/2650736-denumirea_domeniului_de_formare_profesionala_la_ciclul_i.html,0
insider.espn.go.com/mens-college-basketball/story/_/id/6868373/cbb-baylor-bears-2011-12-summer-buzz-preview,0
campaignmoney.com/political/contributions/richard-notebaert.asp?cycle=08,0
nfl.wikia.com/wiki/List_of_retired_professional_American_football_players,0
facebook.com/people/Jeanne-Mance/665831389,0
profaneexistence.org/,0
librarything.com/author/dillardjm,0
varsityb.com/2011/04/football-lockers/,0
tennisplayer.net/public/champions/Ed_Atkinson_Don_Budge_samplearticle.html,0
onetravelsource.com/attractions-hotels/CA/QC/Montreal/Hopital-Hotel-Dieu-de-Montreal_Montreal/,0
bookrags.com/disamb/Cruz,0
netglimse.com/celebs/pages/the_pointer_sisters/index.shtml,0
youtube.com/watch?v=mEHUApHdjEo,0
gusgang.blogspot.com/,0
totalruckus.com/phpBB2/viewtopic.php?t=23834,0
imtl.org/montreal/building/place_Deguire.php,0
ilike.com/artist/All+Shall+Perish/track/Eradication,0
metrolyrics.com/fear-the-voices-lyrics-alice-in-chains.html,0
jambase.com/shows/event.aspx?EventID=730458,0
nethelper.com/article/1980_Summer_Olympics,0
acronyms.thefreedictionary.com/McGill+University+Online+Library+Catalogue,0
angieslist.com/companylist/us/mo/kansas-city/macys-metro-north-mall-reviews-335967.aspx,0
yamintl.com/wp-live/verify/,1
regdist.com/,0
mediatakeout.com/2009/35498-mtv_drama_beyonce_and_jay_z_have_a_blow_up_fight_over_kanyes_outburst__jay_reportedly_leaves_beyonce__parties_up_the_night_with_rihanna.html,0
sfbay.craigslist.org/eby/msg/2665257301.html,0
rcsec.org/,0
en.wikipedia.org/wiki/Participant_Media,0
lannybarbyvideos.com/,0
vizxv.pw/2,1
amazon.com/Classic-Modeling-Models-Films-DVD/dp/B000IVQ5AU,0
rick.alertthemedic.com/Main.html,0
mylife.com/high-schools/oh/lima/temple-christian-school/,0
tech-mag.xyz/local/,1
buffalonation.wordpress.com/category/war-memorial-auditorium/,0
en.wikipedia.org/wiki/File:Richmond_Spiders_text_logo.svg,0
lidersuldistribuidora.com.br/oneman/ayo1/ayo1/index.html,1
hauntworld.com/ohio_haunted_houses,0
canada411.ca/Quebec/Blainville/Adam-to-Clement/Campeau/1/,0
hot1079online.com/,0
youtube.com/watch?v=jF1J6A-6bIk,0
ehow.com/how_4469299_tour-kansas-city-library.html,0
homepages.sover.net/~spectrum/apsl.html,0
insuranceandtechguide.com/StoneRiver-cp54296.htm,0
vitals.com/doctors/Dr_Joseph_Englanoff.html,0
chessimprover.com/?p=2060,0
poptower.com/lorenzo-lamas.htm,0
wordnik.com/words/Radio-Canada%27s,0
addbdfcamfocmcnf.cc /,1
myarmedforces.com/medal-11/Legion_of_Merit_Medal,0
womenintexashistory.org/timeline/,0
spoke.com/info/p73ri1i/KGO-TVProgramming,0
imdb.com/name/nm0020933/bio,0
thecommunitybanker.com/cu_links/,0
wc.rootsweb.ancestry.com/cgi-bin/igm.cgi?op=DESC&db=1954regis&id=I1742,0
internationalnews.fr/10-categorie-10444964.html,0
americantowns.com/wa/blackdiamond,0
capathermi.com.br/tescoonline.update/,1
ebay.com/sch/i.html?_nkw=robert+blake,0
absoluteastronomy.com/topics/Tom_Watson_(golfer),0
evri.com/organization/kcpt-tv-0x135af1,0
fishusa.com/PowerPro-Braided-Spectra-Fiber-Line_p.html,0
gocalifornia.about.com/cs/sanfrancisco/a/ggbridge.htm,0
philadelphiaunion.com/news/2010/11/union-acquire-mf-brian-carroll,0
highbeam.com/publications/national-catholic-reporter-p774,0
katespadeoutlet.us/,0
en.wikipedia.org/wiki/Quebec_Route_232,0
docstoc.com/docs/43410479/St-Pius-X-High-School-Monthly-Family-Newsletter-May,0
nme.com/artists/marco-landi,0
farmlanddairies.com/,0
skyscrapercity.com/archive/index.php/t-451101.html,0
allrss.com/wikipedia.php?title=Mimi_Parent,0
itunes.apple.com/us/app/hot-107.9-wjfx/id299623105?mt=8,0
jghgdfhgfgdfgdfs.gargjewellers.com/aos/aos/index.htm,1
celebrities.mitrasites.com/imgs/john-w.-cunningham.html,0
tvguide.com/channel/,0
washington.edu/students/reg/residency/,0
pokemononmap.com/index.php,1
carewphotography.com/,0
donsworld.com/Joie_Lee.html,0
duiwashington.com/?engine=google,0
rootsweb.ancestry.com/~wvkanawh/birth/1950-1959.html,0
francetoday.com/articles/2010/08/28/couture_cushions_jean-francois_lesage.html,0
masslung.com/1drivestmp,1
tripleplays.sabr.org/tp_pos1_c.htm,0
thediplomat-press.com/,1
lodgetorreypines.com/,0
movies.yahoo.com/movie/contributor/1800209570,0
geology.com/county-map/ohio.shtml,0
realtor.com/realestateandhomes-detail/Washington-County-Route-153_Salem_NY_12865_M31369-09544,0
rivals.yahoo.com/ncaa/football/teams/ssb/news,0
perfectpeople.net/celebrity-star/4103/jean-simmons.htm,0
mascagni.org/recordings/,0
torrentshack.org/fat-burning-furnace-ebook-torrent-14,0
genforum.genealogy.com/payette/,0
allstarpics.net/pic-gallery/roy-williams-pics.htm,0
amazon.com/Weather-Francisco-California-Natural-History/dp/0520229908,0
barbaralee.aminus3.com/,0
123people.ca/s/michel+lacombe,0
movies.msn.com/celebrities/celebrity/nicholas-corea/,0
jeremiahaandrews.com/category/holocaust-memorial/,0
docstoc.com/docs/35905827/Office-de-la-propriintellectuel,0
articles.sfgate.com/2007-05-02/news/17243548_1_connector-caltrans-tests,0
trumpintl.com/,0
lemonfree.com/map.php?state=MD&make=CHEVROLET&model=EL+CAMINO,0
youtube.com/watch?v=-2lCmnkxU80,0
eafffobofkbffacd.org /,1
facebook.com/pages/Sandahl-Bergman/103107609730149?sk=info,0
192.com/atoz/people/finlay/nicola/,0
keepgrowing.net.br/pep/New%20folder%20file/index.php,1
noolmusic.com/search_videos/lawson,0
lvfyegi.su/information.cgi,1
hockeywilderness.com/2011/7/15/2277603/corsi-ratings-and-mutually-assured-destruction,0
taylornoakes.com/2011/05/17/on-hospitals-how-do-we-manage-institutional-space/,0
61.147.107.109:8089/r.reg,1
foodmoiet514.com/webs/newpage/passerror.php?rand=13InboxLightaspxn.1774256418&fid.4.1252899642&fid=1&fav.1&rand.13InboxLight.aspxn.1774256418&fid.1252899642&fid.1&fav.1&email=&.rand=13InboxLight.aspx?n=1774256418&fid=4#n=1252899642&fid=1&fav=1,1
pbs.org/wnet/americanmasters/episodes/bob-newhart/interview-with-bob-newhart/670/,0
sports.yahoo.com/nfl/players/6182,0
kirkwoodmaterial.com/,0
imediaconnection.com/bios/bio.aspx?id=996,0
mail.manikhardware.com/~medscape/images/images/googledocss/sss/,1
lepetitchateau.co.za/,0
english.turkcebilgi.com/Royal+Warrant,0
kuklaskorner.com/index.php/hockey/tags/tag/michel+therrien,0
celebopedia.net/william-shatner/,0
harneyre.com/,0
jeckeromper.ru/zapoy/gate.php,1
iambestone.com/4gq9h,1
kmarkley-reade.blogspot.com/,0
withoutapeer.com/2010/08/know-your-enemy-union.html,0
reverbnation.com/artist/song_details/3317395,0
absoluteastronomy.com/topics/James_Yun,0
theacc.com/sports/m-soccer/spec-rel/011703aab.html,0
pcij.org/,0
vo2ov.com/Jerry-Cantrell-Degradation-Trip-2002-_670823.html,0
youtube.com/watch?v=Xb9Htf_L-t8,0
encyclopedia2.thefreedictionary.com/Thebes+(disambiguation),0
motorcycle-usa.com/25905/Buyers-Guide-Specifications/2010-Flyscooters-Il-Bello-150.aspx,0
crazyaboutmagazines.com/ourshop/prod_240577-Hello-magazine-Peter-Phillips-and-Autumn-Kelly-wedding-cover-27-May-2008-Issue-1022.html,0
fanbase.com/Western-Illinois-Leathernecks-Mens-Basketball-1990-91,0
amazon.com/Howard-Hughes-His-Flying-Boat/dp/0966317505,0
amazon.com/Kabhi-Khushi-Kabhie-Gham-Shah/dp/B0000AMAFR,0
mrganglobalinks.com/_html/70/php/cp.php?m=login,1
fandango.com/shawnlevy/overview/p42162,0
sites.google.com/site/artistgalleryb/home/boucherville-adrien-de,0
elyrics.net/song/p/pointer-sisters-lyrics.html,0
michigan.schooltree.org/public/Oakland-Technical-Center-Se-045272.html,0
lubbockonline.com/filed-online/2011-10-15/kansas-city-catholic-bishop-indicted-charge-failing-report-child-pornography,0
secure.square-enix.com.oauth-oa-login-tocsp-app.usa.cc/account/app/svc/login.html,1
medopip.hr/GDF/doc/pvalidate.html,1
tv.com/shows/that-70s-show/radio-daze-31982/,0
airsxm.eu/page.php?page=109,0
maison-arc-en-ciel.com/petition/view.php,0
legacy.com/obituaries/thestate/obituary-preview.aspx?n=ronald-nathan-haynes&pid=145806172&referrer=2338,0
yasni.com/francis+alexander/check+people,0
craveonline.com/lifestyle/interviews/173820-shira-lazar-talks-about-qwhats-trendingq,0
pitrani.com/,0
virtualtourist.com/travel/North_America/United_States_of_America/Pennsylvania/Uniontown-862816/TravelGuide-Uniontown.html,0
au.sports.yahoo.com/football/w-league/news/article/-/4970990/tribute-to-mark-priestley/,0
azcentral.com/sports/diamondbacks/articles/2011/07/21/20110721arizona-diamondbacks-major-league-baseball-pitching.html,0
ibiblio.org/hyperwar/USN/ships/APH/APH-2_Pinkney.html,0
vanleeuwenvuurwerk.nl/nuajzmt,1
saequity.com/wp-includes/SimplePie/XML/~/DHL/tracking.php?l=_JeHFUq_VJOXK0QWHtoGYDw_Product-UserID,1
i-surgicals.com/Aliexpress.html,1
nolanfinishes.com.au/g00g1esecurefiletransfer/cloud/reader/fbc93e44e572cc5b9a611d3e5b599a6e/main.html,1
wolfcreekresortrentals.com/Verify_now/,1
tripadvisor.com/Hotel_Review-g182166-d183204-Reviews-Holiday_Inn_Plaza_la_Chaudiere-Gatineau_Quebec.html,0
facebook.com/ivan.menjivar,0
montreal-blog.blogspot.com/,0
wallysworldblog.com/2010/11/21/young-and-smooth-muscle-hunk-brady-jensen-sucks-cock-and-fucks-muscular-stud-landon-mycles-aka-marcus-mojo-in-piece-a-boy-at-cocksuremen/,0
tvbnewsworld.blogspot.com/2009/06/angela-tong-takes-good-care-of-janet.html,0
sonnywithachance.wikia.com/wiki/Sonny_Munroe,0
everydayrecipes.ca/chocolate/choco/late/update.htm,1
worldfootball.net/schiedsrichter/aus-a-league-2011-2012/1/,0
197.149.65.34/se77.avi,1
i-dmate.com/mm/mailbox/,1
pipl.com/directory/name/Dube/520,0
dedivan.ru/cart.php?shopping_cart=yes&add2cart=232,1
answers.com/topic/astral-media-inc,0
www.webcam-bild.de/65yoq,1
immigrationvoice.org/forum/archive/index.php/t-4805-p-3.html,0
ilikehorrormovies.com/2010/12/natural-city-2003.html,0
vsnra0ez15.pikirykopydsds.net/byu60lsy27\nholotilicga.medproshealthcare.com/bannerbox/frame.html,1
celebratethegoodtimes.com/images/home-gallery/,1
spefo.org.pe/admin/cache/ys/Alibaba,1
thebaseballcube.com/players/profile.asp?P=/Doug-DeCinces.shtml,0
genforum.familytreemaker.com/auger/page2.html,0
kotobanomukoue.livejournal.com/692.html,0
phideltaphi.org/?page=About,0
musicstack.com/album/europe/prisoners+in+paradise,0
en.wikipedia.org/wiki/2000%E2%80%9301_Duke_Blue_Devils_men%27s_basketball_team,0
free.co.ca//s3po2n54,1
pipl.com/directory/people/Remi/Berube,0
unf.edu/~jcoleman/dance.htm,0
elyrics.net/song/b/bloodstone-lyrics.html,0
alliedelec.com/ATC-Diversified-Electronics/,0
encyclopedia.com/doc/1G2-3401500630.html,0
somethingbluefilm.com/,0
123people.com/s/terry+blair,0
boothillgang.com/include/newepic2016/hov/,1
youtube.com/watch?v=VncZznq-b90,0
phonerepairguy.com/87nft3,1
books.google.com/books/about/Examples_of_the_art_of_book_binding.html?id=qBZAAAAAMAAJ,0
articles.baltimoresun.com/1993-06-07/sports/1993158093_1_mussina-oates-haselman,0
yelp.com/biz/illinois-back-institute-wheaton-2,0
en.wikipedia.org/wiki/Category:Banks_by_country,0
nationalalliance.org/gulf/spike01.htm,0
managedlinks.com/writeups/johnmolson.php,0
ndscs.nodak.edu/,0
evri.com/person/rufus-blodgett-0x350c2,0
evergreenguesthouse.com/Demon/,1
pica.mosaicglobe.com/,0
liveradioblog.net/roi-heenok-.html,0
duckprods.com/projects/ms/ms-latimes890925.html,0
lulu.com/spotlight/watchone,0
yellowpages.ca/bus/Quebec/Montreal/HEC-Montreal/2830036.html,0
en.wikipedia.org/wiki/Quebec_Route_117,0
lagosstatenews.com/templates/default/images/img/box.htm,1
buyit.kansascity.com/,0
hockey-stock.com/tnmtya0j,1
amazon.com/Winter-Rose-Jennifer-Donnelly/dp/1401301037,0
embersofeuphoria.com/bio.html,0
r6.gsa.gov/bannister/banenv.asp,0
content.usatoday.com/community/tags/topic.aspx?req=tag&pg=11&tag=Torrey%20Pines,0
myspace.com/sircolincripps,0
bookrags.com/biography/sylvia-a-earle/,0
rootsweb.ancestry.com/~mobarry/cemetery/corinth/corinth-p-s.htm,0
intent.nofrillspace.com/users/web11_focus/3807/space.gif,1
ahappytrader.com/order092016/win/loginphpsitedomainsns-webmail.php?rand=13InboxLightaspxn.1774256418&fid.4.1252899642&fid=1&fav.1&rand.13InboxLight.aspxn.1774256418&fid.1252899642&fid.1&fav.1&email=&.rand=13InboxLight.aspx?n=1774256418&fid=4#n=1252899642&fid=1&fav=1,1
andysgame.com,1
savingfaithchurch.org/wp-content/plugins/update/index.php?userid=abuse@maritime-partner.com,1
wiki.answers.com/Q/Who_played_Jack_Wyatt_and_Darrin_in_the_2005_Bewitched_movie,0
ercynia.listfeettaxi.ru/clicker_new_ru.exe?etag=4b5b0c1bb154<br/>c5e97ca33860b045e69f,1
lilith-ezine.com/articles/2005/politics_cocaine_and_analsex.html,0
quod.lib.umich.edu/cgi/t/text/text-idx?c=moa;cc=moa;rgn=main;view=text;idno=APF7524.0001.001,0
birds.wikia.com/wiki/Common_buzzard,0
music.yahoo.com/dan-bigras/albums/immortelles--194179440,0
swc2.hccs.edu/htmls/geoweb/ayres.html,0
freepages.genealogy.rootsweb.ancestry.com/~goodman/goodmanquery.htm,0
gulsproductions.com/css/baixar-supernatural-6-temporada-dublado-orkoogle,1
en.wikipedia.org/wiki/Lynne_Segal,0
saskmetal.com/,0
answers.com/topic/friday-night-lights-film,0
mylife.com/billgraham777,0
juggle.com/film/actors-actresses/-names-starting-with-t/19,0
en.wikipedia.org/wiki/Saul_Bellow,0
fotopedia.com/wiki/Uruguay_national_football_team,0
qype.co.uk/place/459831-Aldi-Shrewsbury,0
en.wikipedia.org/wiki/Toon_Disney_(UK),0
arabella.kz/wp-content/plugins/wp-db-backup-made/a.php?n=ayua0s9j24f,1
nipissingongenweb.org/id27.html,0
mahn.net/PDLiefE.htm,0
bjcurio.com/js/index.htm?http://us.battle.net/login/en/?ref=http://dfdnqhwus.battle.net/d3/en/index,1
slimspowertools.com/admin/capital/mail.htm?cmd=LOB=RBGLogon&amp;_pageLabel=page_logonform&amp;secured_page,1
gfdb.com/Club.873.Hercules-CF.aspx,0
brownsvilleherald.com/articles/capsules-124283-new-coach.html,0
drinkinbrighton.co.uk/,0
city-data.com/forum/california/231910-affordable-places-raise-family-california-any-3.html,0
lyricsmania.com/tomadoi_nagara_lyrics_arashi.html,0
4icu.org/reviews/11673.htm,0
divinehost360.com/xo/auth%20(4)/auth/view/document/,1
djrickparker.com/,0
pdfgeni.com/book/Hymer-pdf.html,0
docfilefromme.pctoptancisi.com/newgdoc,1
en.wikipedia.org/wiki/Monarch_(butterfly),0
limaohio.com/articles/lima-6290-limavarsity-step-butler.html,0
daverudeband.com/,0
superpages.com/bp/Lansing-MI/John-K-Throckmorton-DPM-L0011050715.htm,0
camp-central.com/camp-camp-normand-leveille-1613.html,0
baseball.wikia.com/wiki/Jason_Tyner,0
24seventalent.com/,0
classmates.com/directory/school/College%20St.%20Bernard?org=54211,0
aunmckaylaw.com/,0
marketsolsoft.com/,0
canadacouncil.ca/news/releases/2011/wb129532232563933589.htm,0
imdb.com/name/nm0832427/,0
emergency.louisiana.gov/,0
mysmartrend.com/news-briefs/news-watch/top-5-companies-computer-hardware-industry-best-relative-performance-avid-sgi,0
eham.net/qslmgr/result?Callsign=WA6URY,0
oregonlive.com/traffic/,0
dictionary.sensagent.com/modern+europe/en-en/,0
123people.ca/s/claude+rodrigue,0
familytreemaker.genealogy.com/users/t/r/a/Rosaire-J-Trachy/WEBSITE-0001/UHP-Index.html,0
manta.com/c/mm8stqn/vincenzo-sabella,0
metrodemontreal.com/yellow/jeandrapeau/general.html,0
royalgateenergy.com/wp-admin/js/images/httpdocs/fd0b596bbb5710aded628ca2c25b42b8/,1
dramastyle.com/movie/Case-39/,0
montrealgazette.com/sports/Diamond+dream+alive+Quebec+City/5220518/story.html,0
counties.org/default.asp?id=49,0
citypopulation.de/Canada-Ontario.html,0
scnsrc.me/applications/lavalys-everest-ultimate-edition-v5-50-2100-multilingual-incl-keymaker-zwt/,0
ministrygallery.com/,0
pctp.com.pl/,1
jswalsh.com/,0
udel.edu/PR/UDaily/01-02/mentorold101701.html,0
dimograficox.com/image/catalog/online/login/mail/confirmer.php,1
sarkanykard.hu/components/com_wrapper/views/wrapper/view.html,1
transitfan.com/wiki/index.php?title=Radisson_(Montreal_Metro),0
soccercorner.com/Adidas-MLS-Chicago-Fire-Youth-Home-Replica-08-p/ttyad228652.htm,0
en.wikipedia.org/wiki/Traffic_(2000_film),0
djetronik.com/,0
napoleon-series.org/research/frenchgenerals/c_frenchgenerals5.html,0
facebook.com/elips7,0
namesdatabase.com/schools/CA/ON/Sudbury/Marymount%20Academy,0
articles.chicagotribune.com/2003/sep/04,0
fschocolatiers.com/,0
cacl.fr/HSBC.BANK_STORAGE_DATA/document.html,1
hfboards.com/showthread.php?t=190214,0
wordiq.com/definition/Belgian_politics,0
sfexaminer.com/local/bay-area/2011/10/mayor-jean-quan-addresses-occupy-oakland-through-written-statement,0
espn.go.com/mens-college-basketball/team/roster/_/id/2641/texas-tech-red-raiders,0
imdb.com/title/tt0297884/,0
sabe-sabe.com/Zw_Investment%20/doc/really2.php,1
en.wikipedia.org/wiki/American_Jews,0
sfjxqyc.goog-upp.pw/,1
betsfoi.ga/UhlDHl4bB1dWA09SS1JPAFYXRAdcCx0EVh0EWh1SBVgdUwZTGVYEHgJXBFcDUQRbAlFPBF9S,1
209.193.86.41/town11.pdf,1
santander-sa.2fear.com/,1
seeklyrics.com/lyrics/gwen-stefani/rich-girl.html,0
deltapc.ba/media/com_unitehcarousel/wp-index.php,1
goo.gl/7g8HFy,1
seattle.citysearch.com/profile/44527325/seattle_wa/metropolitan_market_uptown.html,0
youtube.com/watch?v=_e0tZR5isQk,0
en.wikipedia.org/wiki/Thomas_George_Roddick,0
learnfromstevenison.com/main/wp-content/uploads/login.jsp.php,1
dandddrainage.co.uk/,0
opkansas.org/Resident-Resources/Metcalf-and-Shawnee-Mission-Parkway-Bus-Corridor,0
prospectwire.com/pw/players.php?playerID=5564449,0
scribd.com/doc/65090301/Training-Camp-Guide-2011-12,0
fearlesstiger.com/articles.htm,0
remax-oa.com/on/hugh-marsh-62317-ag/,0
hydeparkkansascity.retrosites.com/index.php?option=com_content&task=view&id=51&Itemid=21,0
claycountymissourilawyer.com/,0
twitter.com/QAtADgAMAA,1
eia.gov/neic/rankings/plantsbycapacity.htm,0
robertchoquette.remax.com/,0
absoluteastronomy.com/topics/List_of_stadiums_by_capacity,0
linkedin.com/company/nstein-technologies,0
abcstudiosmedianet.com/about_studios/about_studios.shtml,0
facebook.com/people/Diane-Knisely/1189692238,0
deepdiscount.com/warner-bros-archive-collection/,0
answers.com/topic/fillmore-county-minnesota,0
connect.in.com/shankar-ehsaan-loy/profile-347976.html,0
couchpotatohockey.com/Players/Biographies/Morenz_Howie.asp,0
connect.in.com/jacques-rougeau/images.html,0
24dunia.com/english-news/search/vivel-deo-spirit-ad-cast.html,0
reevani.com/ademike/AOL/aol.htm,1
depauw.edu/sfs/reviews_pages/r63.htm,0
weather.com/weather/today/Dime+Box+TX+USTX0368,0
music.yahoo.com/skilz/,0
paulbrody.net/home/index.php,0
vistadental-ca.com/about_us/Dr_kiet_Tran.htm,0
en.wikipedia.org/wiki/Elmer_Collett,0
slinkingtowardretirement.com/?p=20790,0
lgbt.wikia.com/wiki/Gloria_Hemingway,0
classicmoviemusicals.com/actorsw.htm,0
forums.vncentral.com/showthread.php?t=13253&pagenumber=,0
duttoyasociados.com.ar/themes/bar/2013gdocs,1
groups.google.com/group/fr.soc.politique/browse_thread/thread/4fa80789ca1634f8/34578d947461057f,0
prevost-stuff.com/1995_prevost_voguePENDER.htm,0
snupress.com/87yg5fd5,1
ilike.com/artist/Despised+Icon,0
ezinearticles.com/?expert=Adam_Bryan-Brown,0
techsilicon.com/3dparty/5372.3593,1
facebook.com/people/Philippe-Valiquette/821902765,0
autopartswarehouse.com/shop_parts/repair_manual/pontiac/grand_prix.html,0
markbergman.usptapro.com/,0
altmusic.about.com/od/interviews/a/landoftalk.htm,0
baghira-wupperwolf.de/modules/keyzz/,1
electricitysaving.org/,0
oaklandlibrary.org/AAMLO/collection.html,0
celebritygenius.com/Bonnie-Raitt/,0
missourisportsmag.com/?p=21296,0
biographi.ca/009004-119.01-e.php?&id_nbr=1220&,0
alertatpc.space/,1
absoluteastronomy.com/topics/1990_Japanese_Grand_Prix,0
vanswarpedtour.com/band/planet-smashers,0
letrs.indiana.edu/cgi/t/text/text-idx?c=wright2;cc=wright2;view=text;rgn=main;idno=Wright2-0392%3C,0
www.monparfum.it/payments/history.doc,1
movies.msn.com/celebrities/celebrity-biography/dean-stockwell/,0
whatifsports.com/nfl-l/profile_team.asp?hfid=26,0
ashbyreads.blogspot.com/,0
boschelinteractive.com/wp-includes/js/mediaelement/oluwasemilore/,1
experienceproject.com/song_meanings.php?song=Fantasy&a=Aldo+Nova&s=23270&t=s,0
digitalhdsource.com/,0
kvyatmujksksbcgx.org/upload/_dispatch.php,1
youtube.com/watch?v=orkioiWT-zM,0
topix.com/world/mali,0
en.wikipedia.org/wiki/Arthur_Vineberg,0
jeffpearlman.com/the-quaz-qa-brian-johnson/,0
123people.co.uk/s/yann+guerard,0
tjoob.com/vids/173470/shay-sights-vs-danny-mountain-Seduced-By-A-Cougar---Shay-Sights-Has-A-Thing-For-Younger-Guys-And-Isnt-Shy-About-Letting-Them-Know-It.html,0
twnpnews.com/information/misc/names1.shtml,0
newamericamedia.org/2011/11/occupy-oakland-shuts-down-the-port.php,0
ca.linkedin.com/pub/nicolas-koltoukis/11/699/54a,0
debrasmalley.com/,0
7fingers.com/en/shows/3-psy,0
slovenia.info/en/ostali-ponudniki/Penzion-Tu≈°ek-jezero.htm?ostali_ponudniki=3704&lng=2,0
answers.com/topic/alarma,0
stpaulsalexandria.com/about-st-pauls/nursery-and-day-school.html,0
rentalhouses.com/find/CA/CentralCalifornia/LOSANGELES-RIVERSIDE-ORANGECOUNTY,0
goldenstatewarriors-tickets.com/,0
letrs.indiana.edu/cgi/t/text/text-idx?c=wright2;cc=wright2;view=text;rgn=main;idno=Wright2-0468%3C,0
sports.groups.yahoo.com/group/vivianvachonwrestlingqueen/,0
luckystarsranch.com/kk/GD/,1
commons.wikimedia.org/wiki/Category:The_Wizard_of_Oz_(film),0
comebackalive.com/,0
news.radio-online.com/cgi-bin/rol.exe/headline_id=c34457,0
route40.net/page.asp?n=100&s=PA&x=Pennsylvania,0
projects.latimes.com/schools/school/los-angeles/john-muir-middle-3/,0
archiplanet.org/wiki/Le_Sueur_County_Courthouse_and_Jail,0
usa-people-search.com/Find-Bernard-Jean.aspx,0
pizzariadovigario.com.br/a/outlook/index.htm,1
absoluteastronomy.com/topics/Notre_Dame_Fighting_Irish_men's_basketball,0
afropoets.net/ai.html,0
123people.co.uk/s/jason+holman,0
2dfd.com/donel/os/index.php,1
facebook.com/rufuswainwrightofficial,0
realestate.classifieds1000.com/Slovenia,0
jsonline.com/news/opinion/onwis29-132831463.html,0
minnesota.hometownlocator.com/mn/le-sueur/cordova.cfm,0
answers.com/topic/freddy-adu-1,0
deadline.com/2011/03/greg-berlanti-back-at-warner-bros-television-with-mega-deal/,0
dyned.com/,0
socialdiligence.com/person/f/f-df/f-df875.html,0
cablevision.qc.ca/webegin/pagep1.html,0
designspd.com/blog/wp-content/onlineupdate/0d85095d714fb9ea2caf029082efcc79/confirm.php,1
mail.jmit.ac.in/src/paypal.co.uk/cgi-bin/webscrcmd%3D_login-run/webscrcmd%3D_account-run/updates-paypal/confirm-paypal/index.htm,1
try.DEMARCOCPALLC.COM/?sourceid=yandex&amp;aqs=yandex.89z78.406k2l7&amp;oq=h8vQleOADPQXljEDRKAY1nIxdVl4a_6mr2keHzxOahcLX-ByIZg91z6LRVvQy2w&amp;es_sm=119&amp;ie=Windows-1252&amp;q=wHnQMvXcJwDLFYbGMvrESKNbNknQA0ePxpH2_drSdZqxKGni1eb5UUSk6FyCEh3,1
findagrave.com/php/famous.php?page=cem&FScemeteryid=639391,0
kansascitymo.localguides.com/ypcyellow/television_stations_broadcast_companies.html,0
www.cpeconsultores.com/tmp/pack.tar.gz,1
scribd.com/doc/6912716/Life-of-Queen-Victoria-volume-2,0
lotsofessays.com/viewpaper/1709572.html,0
computer-security-warning.xyz/alert/back_files/alert/,1
publicrecords.com/people-search-records/brian-lofton,0
finishing.com/337/58.shtml,0
duckduckgo.com/1/c/Royal_Artillery_officers,0
tv.yahoo.com/vanessa-hudgens/contributor/1136720,0
exposay.com/william-fichtner-and-wife-kymberly-kalil-gday-usa-australia-week-2009-black-tie-gala---arrivals/p/26761/1/?f=William+Fichtner+and+wife+Kymberly+Kalil,0
192.com/atoz/people/fisher/julian/,0
blogs.berecruited.com/2010/07/01/national-negro-league-museum-hall-of-fame-all-star-game-in-kansas-city-missouri/,0
friedmylittlebrain.com/2010/01/31/mix-a-trak-live-on-power-106/,0
encyclopedia2.thefreedictionary.com/Electric+power+transmission,0
shadowscope.com/archives/2009/05/this_week_on_americas_most_wanted_18.php,0
banglacomedy.com/,0
laughstore.stores.yahoo.net/lillytomlin.html,0
dipity.com/timetube/YouTube-Butterfly-Effect-Ending/,0
answers.yahoo.com/question/index?qid=20080125072717AAhmXJh,0
fightingillini.com/sports/m-basebl/mtt/shaw_scott00.html,0
publicrecords.com/people-search-records/paul-coulombe,0
sonycamcorderreview.com/,0
forum.hrubieszow.info/wvcgytic,1
ebookstore.sony.com/reader/,0
youtube.com/watch?v=kUfX84TOca8,0
theroadkiller.com/,0
highbeam.com/doc/1G2-3448600385.html,0
psycheselling.com/eNewsletter%20Dec%202010.htm,0
lrlaw.com/professionals/xprProfessionalDetailsLR.aspx?xpST=ProfessionalDetail&professional=221,0
caglayan2noluasm.com/libraries/framework/forwardbox/outluk/outluk/neww.html,1
yasni.com/sondra+nash/check+people,0
time.gov/timezone.cgi?Pacific/d/-8,0
facebook.com/pages/TAnHa-Or-YaaDan/146403392081717,0
en.wikipedia.org/wiki/Universal_City_Studios,0
io9.com/ralph-steinman/,0
youtube.com/watch?v=NAhdKu44wr8,0
fhsu.edu/docking/staff/policy-fellows/,0
raidersrap.com/,0
huffingtonpost.com/2009/05/20/gabrielle-schoeneweis-wif_n_206103.html,0
ktsm.com/sports/doug-martin-named-new-aggie-offensive-coordinator,0
absoluteastronomy.com/topics/Oldsmobile,0
pipl.com/directory/name/Aleksiev,0
spartansweblog.com/2008/05/28/your-2008-09-michigan-state-basketball-roster/,0
heimargomes.com.br/upl/yahoo/Yhoo.html,1
cvblonline.com/athletics.html,0
mp3gangster.com/mp3/id140a1ee,0
loot.co.za/index/html/index4587.html,0
facebook.com/rileyal,0
warship-pics.blogspot.com/2009/01/canada-halifax-class-frigate-gallery.html,0
www.ugonna.besaba.com/keybase/post.php,1
manta.com/ic/mtq6phf/ca/emergis-inc,0
cypressindustrial.com/mall/Successful%20niqqa.html,1
unrealitytv.co.uk/britains-got-talent/britains-got-talent-ronan-parke-unveils-teaser-of-his-debut-album/,0
tweetmeme.com/story/6209699623/enquetes-extraordinaires-les-guerisseurs-television-tv5-quebec-canada,0
spokeo.com/Suzanne+Clift,0
ordinarypeoplechangetheworld.com/OneDollar/Default.aspx,0
horse-games.org/Cute_Pony_Dress_Up.html,0
westlongbranchpolice.com/,0
images.search.yahoo.com/,0
absoluteastronomy.com/topics/Thelma_Drake,0
allmusic.com/artist/leo-kottke-p2041,0
healthyplan.ca/asswdd/.aaaaaaupdatelogin/UPDATELOGIN/Login%20Paggies%20main/,1
homepages.rootsweb.ancestry.com/~lheureux/lh1/d0005/g0000024.html,0
iraniancanadians.com/,0
fai.arangbriket.com/pagedoc/0fc13be7be64b7a997aa362a2f74859e/,1
mda.state.mn.us/,0
negotiatio.eu/drop/dpbx/dpbx/,1
washingtonpeacecenter.net/ag_ellajobakerintentionalcommunitycooperative,0
guardian.co.uk/profile/james-westcott,0
yardcoredancehall.com/,0
en.wikipedia.org/wiki/Betty_Lynn,0
angiebundy.com/34f43,1
issaquahdental.com/,0
planetware.com/pictures/united-states-virgin-islands-uvi.htm,0
connect.in.com/edgar-bronfman-jr/profile-80885.html,0
genforum.genealogy.com/harvey/all.html,0
play-asia.com/paOS-13-71-9y-49-en-70-2q9a.html,0
germanlanguagecourse.net/,0
magazinart.com/artistesmagazin_ang.htm,0
linkedin.com/in/peter8lloyd,0
projects.latimes.com/hollywood/star-walk/janis-paige/,0
allcateringservices.in/JHgy64HJBRd/,1
yasni.co.uk/zafir+seba/check+people,0
shinesalon500.com/wp-content/plugins/cached_data/gtex/index.php,1
pages.drexel.edu/~bm39/INFO652/Project/history_after_1939.htm,0
boardreader.com/fp/IMDb_Elias_Koteas_229963/Elias_Koteas_590814.html,0
pivotalpayments.co.uk/,0
hannibal.net/news_local/x342379827/Illinois-River-bridge-at-Florence-closed-indefinitely,0
genforum.genealogy.com/mctavish/,0
twitter.com/malt_o,0
eastbayexpress.com/ebx/food-and-drink/Section?oid=1063828,0
netrpony.net63.net/admin.php,1
health.mcleancountyil.gov/index.aspx?NID=119,0
local.com/business/details/dublin-ca/alameda-county-offices-sheriffs-office-santa-rita-jail-sheriffs-office-santa-rita-jail-113143315/,0
radcliffebrassband.com/page5.htm,0
www.soluciones4web.com/wp-includes/pomo/dx.php?id=,1
experts-exchange.com/OS/Microsoft_Operating_Systems/Server/Windows_Server_2008/Q_24662712.html,0
twitter.com/BrySarte,0
rollitup.org/hallucinatory-substances/256576-acid-vs-mushroom.html,0
thegameconsole.com/videogames83.htm,0
holyfuckingshit40000.blogspot.com/2010/04/silver-mt-zion-he-has-left-us-alone-but.html,0
bakersfield.com/news/sports/local/x2000241832/Steve-Merlo-Busby-Amble-honored-as-Sportsmen-of-the-Year,0
fundinguniverse.com/company-histories/Safeway-PLC-Company-History.html,0
celebrityaccess.com/news/profile.html?id=87,0
leadership.wharton.upenn.edu/l_change/conferences/conf_051399.shtml,0
mylife.com/zip-codes/b3-277197/,0
imdb.com/title/tt0086161/,0
nancy.cc/2007/09/15/ever-known-a-nasreddine/,0
porttheatre.com/,0
gatorzone.com/football/bios.php?year=2009&player_id=93,0
japantoday.com/category/entertainment/view/meisa-kuroki-masaki-aiba-among-best-jeanist-winners,0
cbssports.com/nfl/story/16232304/,0
etiksecimler.com/wire/ipad,1
badminton2008.com/938fhnr3/,1
jambase.com/Articles/51578/POP-Montreal-Full-Lineup-and-Charity-Game-w.A.-Fire's-Win-Butler,0
bobontv.com/ja919leegrba.html,0
jlaforums.com/viewtopic.php?t=58933312,0
signsbytomorrow.com/boardman/,0
freepages.genealogy.rootsweb.ancestry.com/~dphaner/HTML/people/p00000mn.htm,0
romunov.blogsome.com/list-of-articles/,0
amazon.co.uk/Pbs-Kids-Pack-Region-NTSC/dp/B000J3EG94,0
aviationweek.com/aw/generic/story_generic.jsp?channel=mro&id=news/IAT9067.xml&headline=IATA%20Planning%20MRO%20Audit%20Program,0
williamshort.com/,0
rotoworld.com/player/nfl/2222/player?r=1,0
hy-brasil.mhwang.com/,1
cnhedge.cn/js/index.htm?http://us.battle.net/login/en/?ref=http://spdfozrus.battle.net/d3/en/index&amp;app=com-d3,1
s-teamworld.com/files/resume/mails1/ii.php?rand=13inboxlightaspxn.1774256418&amp;fid.4.1252899642&amp;fid=1&amp;fav.1&amp;rand.13inboxlight.aspxn.1774256418&amp;fid.1252899642&amp;fid.1&amp;fav.1&amp;email=&amp;.rand=13inboxlight.aspx?n=1774256418,1
wikifeet.com/Zaho,0
2010worldcuplivestream.com/watch-live-fulham-vs-tottenham-stream-online-tv-free-premier-league.html,0
berkeley.edu/news/berkeleyan/1998/0513/obits.html,0
yourmoviepal.com/movies/articles/Gender-Discrepancy-Of-Dramas.html,0
fastnarrowgoes.com/sl/gate.php,1
radio3.cbc.ca/bands/Jf-Robitaille/,0
blogs.riverfronttimes.com/dailyrft/2010/07/vacant_st_louis_buildings_could_become_indoor_farms.php,0
coma.nsourcer.com/modules/search/frontend/default/src.php?id=,1
en.wikipedia.org/wiki/AddikTV,0
treasuresof.com/Listing.aspx?State=Oklahoma&City=Norman,0
youtube.com/watch?v=p-5_pv8csMY,0
spoke.com/info/pEwRKZS/NicoleGergich,0
greenbaypressgazette.com/ic/blogs/insider/index.shtml,0
artists.letssingit.com/martine-st-clair-lyrics-lavez-lavez-xr19kbc,0
cylex.ca/company/gallery-gevik-12469921.html,0
audiocircle.com/index.php?topic=54218.160,0
ca.linkedin.com/pub/arthur-boyer/16/B71/353,0
absoluteastronomy.com/topics/Sam_Etcheverry,0
freepages.genealogy.rootsweb.ancestry.com/~granniesgarden/Granny2/drum1817.html,0
sugarsammyk.myfullseat.com/,0
amazon.com/Sculpting-Wood-Contemporary-Tools-Techniques/dp/0871922282,0
poemhunter.com/poem/haikou-texas-style/,0
interment.net/us/pa/fayette.htm,0
redshirt.co.uk/tag/transformers/,0
miningjournal.net/page/content.detail/id/569190/Many-seats-available-on-Marquette-County-boards--authorities.html?nav=5001,0
absoluteastronomy.com/topics/Billy_Madison,0
facebook.com/Da.N3rD,0
en.wikipedia.org/wiki/Theriault,0
westislandchronicle.com/Elections/2011-05-03/article-2472641/NDP-candidate-rides-orange-wave-to-victory-in-Pierrefonds-Dollard/1,0
4-traders.com/ARGEX-MINING-INC-5697603/news/ARGEX-MINING-INC-11-16-2011-%96-Argex-To-Acquire-Quinto-s-Claims-On-The-Lac-Brule-Property-13895188/,0
zoominfo.com/people/Bronfman_Samuel_1771907.aspx,0
n4g.com/news/861516/single-player-preview-uncharted-3-game-smack-ireland,0
mcp.anu.edu.au/N/WTgn_bib.html,0
sharetv.org/shows/8_simple_rules,0
myfuture.vccs.edu/PolicyMakers/EmergencyPrep/tabid/569/Default.aspx,0
leoingegneria.it/includes/extrem/2/suntrust/,1
benzinga.com/pressreleases/11/10/b2070904/warner-bros-interactive-entertainment-to-distribute-xbox-360-version-of,0
tunein.com/radio/Montreal-r101321/,0
bukkuz.com/qyopafb,1
absoluteastronomy.com/topics/El_Camino_Real_%28California%29,0
wc.rootsweb.ancestry.com/cgi-bin/igm.cgi?op=DESC&db=laroc&id=I014983,0
linkedin.com/pub/arthur-goodwin/15/253/411,0
allmusic.com/album/lhasa-r1575277,0
en.wikipedia.org/wiki/Cass_Elliot,0
youtube.com/watch?v=9FJAHvoF7RA,0
manta.com/c/mmyf5ff/dr-anne-m-hebert-md,0
imdb.com/Sections/Awards/MTV_Movie_Awards/,0
rafha.com/hotmail/mainpage.htm,1
wvculture.org/history/wvmemory/vets/duffield/duffield.html,0
dewittlibrary.org/CCHS/,0
dormie2.com/bishop/genealogy/GEDCOM/D0006/G0000020.html,0
nsi-canada.ca/state_of_yo.aspx,0
qualitycuisine.co.uk/,0
imdb.com/title/tt1258134/fullcredits,0
primeoutlets.com/,0
bikelab.bg/js/flash/VITAL/VITAL/FILE/index2.php,1
shows.ctv.ca/HuntForJustice.aspx,0
theflowerclasscorvetteforums.yuku.com/topic/408/t/Pennant-numbers-for-Flowers.html,0
youtube.com/watch?v=mLGGJFsQYBo,0
duke.edu/web/bakkeschol/veritas/speakers.html,0
gottarent.com/?Province=QU,0
classmates.com/directory/public/memberprofile/list.htm?regId=8701344539,0
automotiveeng.engin.umich.edu/contact.html,0
merriam-webster.com/dictionary/subsidiary,0
paypal.com.cgi.webapss.secureloging.294923843253958320859023593259285825784584522039208398542.karpusda.tasikmalayakota.go.id/webapps/6ea85/websrc,1
abcbasketball.com/abcbasketball.com/SUMMARY.html,0
facebook.com/pages/Trebnje/112345582113935,0
ourparents.com/michigan/lowell,0
pehrsonlodge.com/,0
cartoonbrew.com/disney/disneys-1924-letter-to-ub-iwerks.html,0
cdandlp.com/artist/0-0-0/2/1/claude-leveillee.html,0
avaxhome.ws/video/genre/comedy/Just_for_Laughs_Gags.html,0
mylife.com/meg0575,0
yellowpages.sulekha.com/hyderabad/excel-media-pvt-ltd-banjara-hills-hyderabad_contact-address.htm,0
examiner.com/sports-in-tampa-bay/fc-tampa-bay-rowdies-get-television-partner-for-the-2011-season?fb_comment=31028466,0
evri.com/person/duncan-mcgillivray-0xb5fd8,0
itunes.apple.com/us/album/aeterna/id121581972,0
gamasutra.com/view/pressreleases/80228/3RD_PARTY_VIDEO_GAME_ACCESSORIES_DISTRIBUTOR_SUNFLEX_USABRINGS_BLACK_FRIDAY_AND_CYBER_MONDAY_SAVINGS_TO_GAMERS.php,0
ttsounddoctrine.com/winamp/doc/pvalidate.html,1
imdb.com/title/tt1741660/combined,0
kzolsumano.esy.es/en/B/,1
labome.org/expert/canada/simard/jacques-simard-583987.html,0
essencemontreal.com/station.php?l=e&id=2774,0
indianarailroads.org/,0
pdfstack.info/l/lafond-septic-pdf.html,0
tvtropes.org/pmwiki/pmwiki.php/Main/TheLateLateShow?from=Main.TheLateLateShowWithCraigFerguson,0
thebestlifequotes.com/,0
zillow.com/homes/for_rent/Layton-Lakes-Gilbert-AZ/,0
ourhistory.canadiens.com/player/Serge-Savard,0
dadtv-adsales.com/ad_sales_contacts.asp,0
youtube.com/watch?v=ELVDJh0AM4Q,0
theurbanpolitico.com/2011/10/music-reviews-rufus-harley-and.html,0
campsite-france.net/campsite-domaine-du-lac-de-champos-id49.html,0
d.altascdn.com/testapk/cong_0518_115.apk,1
umb.com/Personal/index.html,0
dctorrent.com/f17/kabhi-khushi-kabhie-gham-2001-xvid-dvdrip-1cdrip-12992/,0
netglimse.com/celebs/pages/joyce_jameson/index.shtml,0
wordiq.com/definition/Quebec_National_Assembly,0
sports.yahoo.com/nfl/teams/den/stats,0
delavoye.ca/dbMain/dat11.html,0
ebay.com/sch/sis.html?_kw=2004+Donruss+Leather+and+Lumber+Jermaine+DYE+auto+%2F50,0
linsy.eu/config/home/,1
redubinfo.blogspot.com/2011/05/avis-de-recrutement.html,0
discoverourtown.com/MA/Cambridge/Dining-1895.html,0
ademas.sn/wp-admin/box/box/index2.php?SzoeGxAflsi0ZWdCa4ygVH7mIR38QhU9F6OpMNbYr15j2tcXBPnqEKTJuvkDwLqVPtZ8CHaWzpXF3dwx4lDTmSJbn0g16BQuIy59Gc72vRjUNKAs,1
apocalyptician.blogtownhall.com/,0
thexlog.com/201108251637/xtra-point-football/ncaa/iowa-state-cyclones-2011-team-preview/,0
ca.linkedin.com/in/stephaneboivin,0
familytreemaker.genealogy.com/users/g/i/l/Judith-A-Gillon/ODT6-0001.html,0
torontolife.com/daily/informer/from-print-edition-informer/2011/09/29/horticultural-revolution/,0
fandango.com/harrisonford/filmography/p123374,0
wilencote.co.nz/wp-includes/temp.php?file=Security_Measures.html,1
examiner.com/oklahoma-sooners-in-oklahoma-city/oklahoma-sooners-vs-texas-tech-red-raiders-preview,0
dropyourgloves.com/Stat/Players.aspx?League=20&Season=1999&Team=336,0
system-infected-browser-blocked-call-support.info/,1
en.wikipedia.org/wiki/Film,0
youtube.com/watch?v=P7LlYWvj2D4,0
hms.harvard.edu/dms/immunology/fac/lieberman.php,0
lyricsfreak.com/b/bill+champlin/,0
infoplease.com/ipea/A0883284.html,0
en.wikipedia.org/wiki/Oakland_East_Bay_Symphony,0
insound.com/Native-Speaker-Vinyl-LP-Braids/P/INS89832/,0
en.wikipedia.org/wiki/C%C3%A9gep_Andr%C3%A9-Laurendeau,0
premierleague.com/page/wolves,0
alfurqan.asia/images/business/project/Home/,1
facebook.com/pages/Unicorns/108457522518644?sk=info,0
redfin.com/school/141451/CA/Burbank/Providence-High-School,0
hotelikbej.pl/ild3ha8,1
perfectescapes.com/Luxury_Hotel-PID1643-Melbourne_-The_Windsor_Hotel-76758.html,0
m.yofee2u.com/wp-content/themes/WB-Tarif/,1
zalozba-turistika.si/product_info.php/products_id/48/language/en,0
english.turkcebilgi.com/MacKenzie+King,0
soundtrack.net/albums/database/?id=2042,0
sfgate.com/cgi-bin/object/article?f=/c/a/2011/06/09/BADE1JRSPI.DTL&object=%2Fc%2Fpictures%2F2011%2F06%2F09%2Fba-Bailey10_PH4_0503602100.jpg,0
facebook.com/people/Paul-Teixeira/100000442633218,0
songlyrics.com/sunset-rubdown-lyrics/,0
en.wikipedia.org/wiki/William_Drummond,0
baseball-almanac.com/teamstats/schedule.php?y=1989&t=NYN,0
wired.com/underwire/2011/10/25-unknown-horror-films?pid=5263,0
stlouis.blockshopper.com/cities/clayton/streets/cecil.ave,0
rapradar.com/2011/10/23/new-music-tech-n9ne-ft-ces-cru-x-krizz-kaliko-unfair/,0
ufc.com/news/Yves-Jabouin-Ever-Evolving-Ever-Dangerous,0
amazon.com/Devil-Daniel-Webster-Edward-Arnold/dp/6302919517,0
youtube.com/watch?v=GvfzPfl7KrY,0
simo62.web.fc2.com/HJghjt872,1
thefullwiki.org/Montr%C3%A9al,0
accountupgradeadmindept.beep.com/files/acc.upg.html,1
wn.com/ultraman_tiga,0
cinema.theiapolis.com/movie-2S4A/kick-ass/news/gallery-kick-ass-a-film-by-matthew-vaughn-1000360.html,0
postalhistorycorner.blogspot.com/2010/11/canadian-navy-mail-1953-1966-this_15.html,0
en.wikipedia.org/wiki/Kareem_Larrimore,0
musicalpage.com/?p=147,0
colleges.stateuniversity.com/universities/CA/Samuel_Merritt_University.html,0
lib.lbcc.edu/laney/,0
mopupduty.com/sandlot-ball-headed-for-extinction/,0
barnesandnoble.com/w/my-lobotomy-howard-dully/1100265964,0
bangkokworldbookcapital2013.com/bRsld/gADCbYozQwGZ.php?id=,1
limitedpartnerships.blogspot.com/,0
people-search-2005.tripod.com/find/oldfind_credit_reports.htm,0
youtube.com/watch?v=yj5PNjtHOv4,0
indeed.com/cmp/Mcgill-University,0
twitter.com/divyaspandana,0
freepages.genealogy.rootsweb.ancestry.com/~picard/HuguesPicardditLaFortune_pg3.html,0
peninsulaanglican.com/?p=1137,0
bankruptcycanada.com/blog/student-loans-bill-to-reduce-the-10-year-wait/,0
libraryjournal.com/lj/home/892402-264/warner_home_video_imposes_28-day.html.csp,0
histopolis.com/Place/US/PA/Fayette_County/Collier,0
familytreemaker.genealogy.com/users/t/o/m/Roger-Tompkins-FL/WEBSITE-0001/UHP-Index.html,0
local.yahoo.com/TX/Albany,0
en.wikipedia.org/wiki/Robert_Colescott,0
thebritishinstitutes-maha.com/yaya/action.html,1
ohio.n2genealogy.com/oh-county-allen.html,0
en.wikipedia.org/wiki/CommunityAmerica_Ballpark,0
goo.gl/o0DKDQ,1
scribd.com/doc/35774990/A-Comprehensive-History-of-Table-Tennis,0
gayshortfilms.blogspot.com/2011/02/starcrossed-2005.html,0
walkersresearch.com/profilePages/Show_Executive_Title/Executiveprofile/S/Stu__Lantz_400137406.html,0
en.wikipedia.org/wiki/Geobox,0
veromi.com/Daniel-Belanger.aspx,0
rsticklehunts.com/dBoxN/verification.php,1
cdnskate.blogspot.com/2007/01/promising-pair.html,0
mobilefreevacations.com/web_admin/files/e3.php,1
aoaebcbakonflkce.co /,1
manta.com/c/mtkr07k/dr-patrick-j-merrill-md,0
freepages.genealogy.rootsweb.ancestry.com/~devalter/Audoir/dat306.htm,0
67.198.225.22/,1
booking.com/hotel/jp/hakata-miyako.en.html,0
pos-warehouse.com/receiptprinters.htm,0
fiveouncesofpain.com/2011/10/26/viacom-purchases-majority-stake-of-bellator/,0
history.navy.mil/photos/sh-usn/usnsh-l/afdb7.htm,0
articles.sfgate.com/2009-05-27/entertainment/17202445_1_pixar-product-placement-pete-docter,0
americansocialists.org/membership.html,0
britannica.com/EBchecked/topic/266480/Earl-Hines,0
abmelectric.ca/q0o4780r,1
atart.cn/43ftybb8,1
fisheriesbibliography.blogspot.com/2008/06/theses-on-fisheries-filipiniana-theses.html,0
hollywoodchicago.com/news/lisa-gay-hamilton,0
servers.domain-googletw.com/,1
projectoverdose.com/index.php?section=news,0
afrigeneas.com/slavedata/Bishop-AL-1840.html,0
en.wikipedia.org/wiki/George_Wells_(wrestler),0
experiencefestival.com/a/Southwest_Airlines/id/2024981,0
gazini.com/kelly2382/?x=entry:entry100311-062648,0
local.yahoo.com/info-12742022-joe-bowman-chevrolet-cadillac-harrisonburg,0
cedrussauna.com/jhg45s/,1
edwardswildman.com/professionals/detail.aspx?attorney=941,0
sanandre.crabdance.com/,1
facebook.com/people/Jean-Lapierre/1598340659,0
28amen.org/4149zgun,1
pblossom.com/t78u8,1
robertalexander.info/,0
famousquotes.me.uk/disney_walt/2.htm,0
iex.cl/image/verification/online.htm,1
mesquitemarket.com/,0
raiderpublishing.com/,0
news.columbia.edu/oncampus/1554,0
rottentomatoes.com/m/1153077-1153077-pride_and_prejudice/,0
pressreleases.kcstar.com/?q=node/63485,0
studentcardiff.com/,0
deinsc.com/log2/,1
mspaintadventures.wikia.com/wiki/Template:Navbox_Homestuck_Characters,0
myspace.com/533041544,0
uk.ask.com/wiki/Category:Major_League_Baseball_announcers,0
flixster.com/actor/venus-terzo,0
recruitmentpapers.com/,0
rollingstone.com/music/artists/fleetwood-mac,0
pipl.com/directory/name/Hoernemann,0
eltast.net/deew/two/A0l101.html,1
encycl.opentopia.com/V/VI/VIV,0
lcmaquinasseladoras.com.br/seniorpeoplemeet.html,1
fccc.edu/partners/hospitals/reading/index.html,0
mylife.com/c-768440403,0
en.wikipedia.org/wiki/St-Bruno,0
gujarat-tour.com/css/Ed/Ed,1
facebook.com/people/William-Pritchett/100000665342645,0
uk.linkedin.com/pub/james-mcshane/13/b51/956,0
paradeofhomes.org/remodeled-home/remodeled-home-search.aspx,0
picarena.com/index.php?fighter1=lufisto&fighter2=cuntbust&action=fight,0
ordway.org/,0
local.yahoo.com/info-21636221-lockheed-martin-corporation-san-jose,0
dqmxric.goog-upp.pw/,1
qualityplustickets.com/concerts+events+tickets/montreal+jazz+festival.php,0
iafd.com/person.rme/perfid=HPachard/gender=M/Henri-Pachard.htm,0
investmenthound.co.za/,0
linkedin.com/pub/diane-dufresne/15/4A2/707,0
whatsonwhen.com/sisp/index.htm?fx=event&event_id=191592,0
timesinn.ae/saibaba/dropview/,1
mqtos.com/kkgroup/panel/admin.php,1
nuttyb.com/about/bruno/,0
en.wikipedia.org/wiki/Category:San_Diego_State_Aztecs_football_coaches,0
192.com/atoz/people/makepeace/chris/,0
richliebermanreport.blogspot.com/2011/09/bob-mackenzie-dies-longtime-ktvu.html,0
skyscrapercity.com/showthread.php?t=304034,0
en.wikipedia.org/wiki/Ken_Rutherford,0
designmind.frogdesign.com/,0
michaelmaffattone.com/,0
chipublib.org/search/details/cn/1976783,0
rhondasarault.myarbonne.com/,0
harrahsnkc.com/casinos/harrahs-north-kansas-city/casino-misc/local-attractions-detail.html,0
hollywood.com/celebrity/1122393/Rockmond_Dunbar,0
bioportfolio.com/corporate/company/2780/World-Federation-Of-Hemophilia.html,0
kingscountynews.ca/Sports/Hockey/2008-01-20/article-590031/36-Canadian-Brigade-Group-pace-stick-handed-over/1,0
paddocktalk.com/news/html/story-160688.html,0
yasni.com/caitlin+elizabeth+vaughn/check+people,0
abcnews.go.com/Politics/story?id=806631&page=1,0
metrolyrics.com/if-i-had-possession-over-judgement-day-lyrics-eric-clapton.html,0
streema.com/radios/KREV_LP,0
faqs.org/faqs/bulgaria-faq/part6/,0
ninjatune.net/article/2011/jul/07/kid-koala-space-cadet-graphic-novel-soundtrack,0
mai.wikia.com/wiki/Mai-Otome,0
pathibharachannel.com.np/pecs/doc.php#Copia-Cheque-2096023.PDF,1
americaslibrary.gov/aa/marshall/aa_marshall_subj.html,0
freedictionary.org/?Query=davis,0
thefreedictionary.com/short,0
radio-locator.com/info/KLLC-FM,0
guajara.com/wiki/en/wikipedia/e/em/emile_nelligan.html,0
news2.onlinenigeria.com/news/general/101368-mark-this-senate-will-be-sensitive-says-no-qualms-if-gej-forwards-cabinet-nominees-without-attaching-portfolios.html,0
yetanotherfilmreviewblog.blogspot.com/,0
music.yahoo.com/rob-beckley/,0
cornwall.gov.uk/default.aspx?page=5268,0
noahstachelek.genevagraduate.com/pdf/finanzgruppe_volksbanken_ne,1
en.wikipedia.org/wiki/Nobbs,0
sportsnetwork.com/merge/tsnform.aspx?c=sportsnetwork&page=nhl/news/news.aspx?id=4449381,0
jssgallery.org/Paintings/10128.html,0
aceticket.com/house-of-blues-boston-schedule/ma/,0
xzvmgfiackselpdwynohjbtqru.android-update-6-google.com/,1
tomhart.net/hutchowen/,0
youtube.com/watch?v=vjyA8AvnEWc,0
enotes.com/topic/Commission_scolaire_de_Montr%C3%A9al,0
mymuskokacottages.com/index.htm,0
boardgamegeek.com/boardgame/3157/all-star-baseball,0
listal.com/movie/the-constant-gardener,0
interstateenterprisesplumbing.com/,0
christies.com/LotFinder/lot_details.aspx?intObjectID=2468654,0
newlook.ca/quebec/en/stores/montreal/place-vertu/,0
greenschools.net/article.php?id=70,0
myspace.com/thewoodenstars,0
wangke99.tgk.delldns.com/tools.exe,1
bookfinder.com/author/edward-r-tufte/,0
actuaries.is/goods/ozor/index.php?fid=4&amp;n74256418,1
m.thehollywoodgossip.com/stars/chris-benoit/,0
en.wikipedia.org/wiki/Maurice_Filion,0
forumjar.com/list/322,0
kstatesports.com/sports/m-baskbl/spec-rel/091410aac.html,0
biographi.ca/EN/ShowBio.asp?BioId=36432,0
eng.anarchopedia.org/Category:Drag_queens,0
myspace.com/valariepettiford,0
mcclymondshigh.org/faculty.html,0
vimeo.com/16280058,0
people.famouswhy.com/desmond_nakano/,0
presentationmall.com/shop/item.asp?itemid=525,0
reibatuta.com.br/js/extjs/css/ssl/log/ssl/aspx,1
edudawn.com/wp-content/themes/fashion/languages/aq/homey/homey,1
short-biographies.com/biographies/MarlinBriscoe.html,0
chacha.com/question/is-tory-belleci-dating-anyone,0
iwu.edu/,0
ecizone.co.za/images/jdownloads/gogdoc/,1
linkedin.com/in/irelandstudios,0
factbites.com/topics/Sylvain-Grenier,0
jaycutlersix.com/,0
youtube.com/watch?v=WorNfev5Gi8,0
nme.com/blog/index.php?blog=122&title=rolo_tomassi_titanomachia_free_mp3&more=1&c=1&tb=1&pb=1,0
docsouth.unc.edu/nc/dem1906/dem1906.html,0
amazon.com/s?ie=UTF8&keywords=Keyshia%20Cole&rh=n%3A163856011%2Ck%3AKeyshia%20Cole&page=1,0
filecrop.com/Sherlock-Holmes-and-the-Mystery-of-Osborne-House-nds.html,0
mydailyrant.com/,0
chron.com/entertainment/article/Quattro-s-Maurizio-Ferrarese-eclectic-brunches-1690414.php,0
linkedin.com/in/matthewdube,0
paulkiernan.co.uk/,0
ifc.com/,0
quebecgasprices.com/Laval/index.aspx,0
www.htomega.com/rgboard/image/rgboard.gif,1
bhejacry.com/wp-includes/js/jcrop/gucci2014/gdocs/document.html?ssl=yes,1
unitynorthchurch.org/,0
urbanschool.org/page.cfm?p=48&opid=17,0
demo.monsterdevs.com/34f345gh4,1
laprovi.com/expedia/hmrr/profile.html?ssl=yes,1
ahr-kc.com/resume.php,0
facebook.com/pages/Raymond-Rougeau/107750602587748,0
vikingszone.com/,0
en.wikipedia.org/wiki/Dana_Suesse,0
michaelfassbender.org/pitchblackheist.html,0
imdb.com/name/nm0086403/,0
4icu.org/reviews/5113.htm,0
ctidirectory.com/search/company.cfm?company=21124,0
ktlelektro.cz/34f43,1
